email,device_name
testing1534130137.058639@example.com,testingEDS5XGEQ2WYY37WD4
testing1534130144.59643@example.com,testingDQHK4CT9ITVNWTS0O
testing1534132345.771672@example.com,testingO6OKQQMQ5R0CA57U2
testing1534132358.55263@example.com,testingE7CCWPKUIII2Y55RW
testing1534132368.593547@example.com,testingNDBD8TJMNDG53A9LS
testing1534132445.0762188@example.com,testingCP3TFDBKS0DUC3928
testing1534132454.142108@example.com,testingPJVIOC8AQ7NQH590B
testing1534132463.7941692@example.com,testingSTNG8WT0S14FQ52FK
testing1534132478.0837429@example.com,testingHKQRMRMJWHLCSFK04
testing1534132552.218169@example.com,testingMS1FM7CTM9C7FXXWJ
testing1534132561.415294@example.com,testingSTKPBXE6NFNUMICV5
testing1534132568.225813@example.com,testingG8ZWHDHVQTNCSGM1N
testing1534132577.509815@example.com,testingLKMNT24S3A6ZBNAN2
testing1534132589.7537332@example.com,testingHXWIV8CFP13EW3VHC
testing1534132597.4850502@example.com,testingR2VG2MCXLATC77G5I
testing1534132607.8063722@example.com,testingB2WA5GBEGFJNQ8I29
testing1534132621.138583@example.com,testingT6WFP6UB9V8QJ0N8V
testing1534132631.2335749@example.com,testingG4LM0USPBPR4HDO64
testing1534132640.242203@example.com,testingJBPARM66FPJY2MIRD
testing1534132646.565738@example.com,testingEHOVO60127EPBG5LG
testing1534132656.306011@example.com,testingPCMJXSP1QKHLMQS81
testing1534132668.908465@example.com,testingPDXPSTPMPIIRAZ8G8
testing1534132678.408781@example.com,testingFGID80IFZDUCY9FJU
testing1534132690.683167@example.com,testingQRV23OFS1OIMHSD2S
testing1534132699.966317@example.com,testingW5MVBQFW7TZKFJID9
testing1534132710.623183@example.com,testing833QHXC8S9QO5OF5N
testing1534132720.646934@example.com,testingFJ7ICH0HIX7R1CTIP
testing1534132729.912388@example.com,testing6S0703AFTOW2WKFPX
testing1534132739.352705@example.com,testingG7KEQUDXW817S92TL
testing1534132750.0241852@example.com,testingL2IUJLBNSO48CR585
testing1534132759.100009@example.com,testingNHEUBCNA85H5QI8DQ
testing1534132768.398753@example.com,testingJ5OPAEDFRSJ97BCR1
testing1534132778.330497@example.com,testingUGITPCWEEUDV4NU1B
testing1534132800.4441118@example.com,testing5X5KLHD3F79XRBQFE
testing1534132811.019469@example.com,testingHM8HKG0AVHCI387EK
testing1534132820.369247@example.com,testingPL5GD5NX4Y2U3YKPH
testing1534132830.787882@example.com,testingLIG1UAZIFO6IJ3IWV
testing1534132837.931486@example.com,testingUX6FWFW9FBAEK41IJ
testing1534132849.91584@example.com,testing4F9VE4GUT888OE3HY
testing1534132863.092223@example.com,testing1H3JR6W2GBHK7IJLU
testing1534132874.017267@example.com,testing4DC87BG82TOKTNQMZ
testing1534132884.976876@example.com,testingSOTAYW2OUEB8RP4UW
testing1534132895.691214@example.com,testingAG8B0JCBLTS1VC97R
testing1534132905.481277@example.com,testingV002JJEXAEPE0FQB0
testing1534132915.695437@example.com,testing2YZ6Y6VCJIEE3KFLY
testing1534132926.009811@example.com,testing0M8ETO4ZJQQCWQYIM
testing1534132955.780082@example.com,testingK8L1PZ5XJFCWBCMK2
testing1534132968.054537@example.com,testingSMM0CX9Z7PF6J8BV9
testing1534132978.162229@example.com,testing2U67PZC5AS4VEV1Q2
testing1534132989.4936142@example.com,testingVPGPRTKMJ8VJBM3RG
testing1534132996.593005@example.com,testingLL4JYTY93X6ZV90YJ
testing1534133006.442611@example.com,testingE1XA6Y3YPCUZY9WXR
testing1534133019.2193432@example.com,testingZ0Z46CBWC7NTTAN31
testing1534133028.8744938@example.com,testingX1WDB168JGD32JNA1
testing1534133040.08631@example.com,testing4E3GVTYKTWZYRPAG4
testing1534133050.859526@example.com,testingPQ7VJBVA1I6GSEPM2
testing1534133061.3586261@example.com,testingP2NT8ZVOWJYKX4RYJ
testing1534133071.385654@example.com,testing38BAA1V8V5AKA0973
testing1534133080.940643@example.com,testingG2KDWSGDPTAG78788
testing1534133091.767714@example.com,testingH6S86H7KD3PWW8XPQ
testing1534133101.203933@example.com,testingNH0PP9D14IP1MP7DN
testing1534133112.462461@example.com,testingGA3II096JD2QB8IFE
testing1534133123.16168@example.com,testing33B7CONLLUUP090IV
testing1534133133.0816052@example.com,testingIA6P4K2EGCARD1GG3
testing1534133142.871522@example.com,testingFVCN5KHDBBFRVGQBB
testing1534133152.346014@example.com,testingQQKPKKA4N2HMNS3BU
testing1534133162.784679@example.com,testingBRFARYLNDXIMMPHF7
testing1534133172.999135@example.com,testing8RWFZWMAK4FYV9ZZ2
testing1534133183.3987331@example.com,testingSMUJQSRS9NAS3CUO8
testing1534133194.186083@example.com,testing5H8DE4EEVSR3AAXIO
testing1534133204.10273@example.com,testingI8LPW8UEKHXJK4IZ3
testing1534133214.802761@example.com,testingDDS7LU6MLZSEFGUPG
testing1534133224.443842@example.com,testing9R3HU45NHDZDPHI4X
testing1534133239.530005@example.com,testingKDKR9E22ZN7DTVJGW
testing1534133246.934206@example.com,testing1FB8FYZZG7FR26WVC
testing1534133259.282032@example.com,testing87Y12R5FMNQFG5KKS
testing1534133269.0831318@example.com,testingZ4T7N3IGYCSDH6VFX
testing1534133280.7713091@example.com,testing8W53425LASDA4URNE
testing1534133290.2537441@example.com,testingJD900YJKOF6959E1O
testing1534133299.906295@example.com,testing3KME9Z7LWX96RTO07
testing1534133309.966351@example.com,testingB9SW462KV60IQOH0H
testing1534133320.362282@example.com,testingIZCHFYA74CEDKAGQ9
testing1534133331.436064@example.com,testingOOYFZ8QX1ZQPSGOPE
testing1534133342.74069@example.com,testing8TUE4EDT892IVS96E
testing1534133355.134281@example.com,testingXJBC4QY206I4U5B01
testing1534133370.166944@example.com,testingY1BTD8SOJGSPRTR8E
testing1534133379.6439521@example.com,testingAQI8DI6IPMDPABEWW
testing1534133386.088042@example.com,testingOA7Q5BQN3E5BRCV8U
testing1534133395.808903@example.com,testingWND93WC2BRY4MKAUN
testing1534133405.0802271@example.com,testingVGA36J7HTHLEAHLGB
testing1534133414.150944@example.com,testing8RYYJAU0Q2NVUDRKW
testing1534133425.82496@example.com,testing4NIJ148X9WBPF03OM
testing1534133436.019695@example.com,testing0VI0SDAV8WYIVZVIF
testing1534133447.596108@example.com,testing3QO0H7O6RL7AZS4N9
testing1534133461.915957@example.com,testingY865PNTDIHVQW0LPE
testing1534133471.832577@example.com,testingXHQPOMQEYA1FW6HY8
testing1534133483.041784@example.com,testingR21ICJGN5CSY1KFXQ
testing1534133494.1462169@example.com,testingG7CD92ASQCK20GYQD
testing1534133505.2867231@example.com,testingFGSZGOYK53H89MJT9
testing1534132345.803603@example.com,testingN5P3UWN4LUK6RF7HT
testing1534132353.957246@example.com,testingE5P1AC4Z961IR6T3Q
testing1534132364.161281@example.com,testing7IERPJNMVTXVD42FE
testing1534132373.8287702@example.com,testing2KMG5SHH87IIT8MH8
testing1534132443.968374@example.com,testingJAF034HOPIK8WXH90
testing1534132453.9247448@example.com,testing8B3H5DPK6C9ZJO3PN
testing1534132463.967783@example.com,testingEW1DKE82C554NIAOA
testing1534132478.0574489@example.com,testingWKFKF4Y85UDHU6TLK
testing1534132487.7508428@example.com,testing73NA82ROVYYWNUS4J
testing1534132562.058283@example.com,testingRLMXBJ1Z82D009D8I
testing1534132571.6505651@example.com,testing8AZYUGAICDJ38TGVZ
testing1534132580.9447749@example.com,testingF86BWOWYG6S1HUE7U
testing1534132589.917351@example.com,testing3DCS70XDVKGLLOZOS
testing1534132601.179779@example.com,testingH7LDU5H26P7GWCGKV
testing1534132611.2554722@example.com,testingZHE170WGE1QAM7QQE
testing1534132621.316293@example.com,testingVHJDZGIBASPNCQGPM
testing1534132631.0707998@example.com,testingNSKF005D7J5BILFGJ
testing1534132640.435253@example.com,testingCYFVT4I7RJ3PUPSFI
testing1534132649.8898509@example.com,testingF7O7KH2NU3I1ITFXZ
testing1534132659.681463@example.com,testing0XCDFJ8VNOSO31RB0
testing1534132669.050557@example.com,testing64QC7F8BEXGU9J674
testing1534132678.2392519@example.com,testing783O8OBIYVTK5D70S
testing1534132690.844308@example.com,testing2KJAZER9524CMJBNK
testing1534132700.118616@example.com,testingDDV74R0D6XXJ3O61F
testing1534132710.471333@example.com,testingQSMBH9VZTJTJ478U7
testing1534132720.487786@example.com,testingMEK74OQ2F5777DGY6
testing1534132730.079602@example.com,testing6906N9DIPJP93CJLF
testing1534132739.507636@example.com,testingCD8VBO44BLBX28L8B
testing1534132750.186877@example.com,testing2WO50MOJ8YIOY55AP
testing1534132759.267581@example.com,testingIHTSW11QM2J5SSE12
testing1534132768.576685@example.com,testingCU095RZ88UALMO78Y
testing1534132774.928681@example.com,testing1V909XVKLMM4QBDPX
testing1534132787.4309728@example.com,testingKTC5RY8R7OKQRKZKN
testing1534132800.605649@example.com,testingJ02HEADPGNUASQOZS
testing1534132811.220702@example.com,testingMAEWT8SPIEWDB1P5X
testing1534132820.542856@example.com,testingWYPX1M03MLZBWFJEK
testing1534132831.244415@example.com,testingJWBOS6ZHD7LC3MK0D
testing1534132841.360457@example.com,testingSZHOOVR60PNCVTA2J
testing1534132853.476893@example.com,testingHYCUKJWRF51DDL3XA
testing1534132863.236953@example.com,testingC2SIM86SL1AS8ZA7C
testing1534132873.8556092@example.com,testing5176LQ205IGFREARZ
testing1534132885.1316931@example.com,testing63IHV2NLYEDSRD4TJ
testing1534132895.866079@example.com,testingZRWL1JG9WPUKTVOM4
testing1534132905.3125792@example.com,testingC2GLKPA6JWHIDAF60
testing1534132915.509672@example.com,testingSSBN35VJHC5WL4G24
testing1534132926.0069609@example.com,testing07B5GBGS7W9S5J7E0
testing1534132955.9392068@example.com,testingESN7E5YPDLCT17MIK
testing1534132968.219946@example.com,testingAKPGH8JUK56ZFSWIH
testing1534132977.952343@example.com,testingKOSG5ZRQEL0RN1JFU
testing1534132989.327231@example.com,testingCKHM9KTJZGPMPSPSB
testing1534133000.051219@example.com,testingEH3XE6TM5JLJCHQAE
testing1534133009.847091@example.com,testing8F0FN5HCMYX31EVR8
testing1534133019.3908951@example.com,testingC37DEZMT4J1I58SMG
testing1534133028.675133@example.com,testingGY4XTLFP4K9FULYWF
testing1534133039.9266372@example.com,testing4LRW8SXSVQBK67BOF
testing1534133050.690787@example.com,testingZ0EEO7Q3OVHDURM6C
testing1534133061.1955369@example.com,testingR13IY1V4CWSI86UKQ
testing1534133071.5400069@example.com,testingEKTCPJCLSM0QYRJYY
testing1534133081.104827@example.com,testing8SP99B6VJ25ENUZY0
testing1534133092.110642@example.com,testing85FLITMNHX2WFP569
testing1534133101.364394@example.com,testingO8E6JWKU9AKBOQ654
testing1534133112.42926@example.com,testingX4JDJDZWFJHD2W4R8
testing1534133123.3146539@example.com,testingZ9XYP4Q3BBOCGJPN2
testing1534133132.920733@example.com,testingN627SGTV1XZFHLCRM
testing1534133142.601671@example.com,testing281DW1FJC96KPHN2D
testing1534133152.1270258@example.com,testingKQFH8WE5P4UE7ZAF3
testing1534133162.7813609@example.com,testing6TEVM27YUIE3HR9EX
testing1534133172.835456@example.com,testing5TEOLI2X7GH3GY4LB
testing1534133183.22397@example.com,testingA78P5VM0VFX0E2BXP
testing1534133194.366936@example.com,testing13YGVR8WVKFX4YL1H
testing1534133204.2638779@example.com,testingHYAM9FZ8YMHUICX8E
testing1534133214.788696@example.com,testing73EZ95TXQBT6TNYLJ
testing1534133224.644238@example.com,testingLV6JUFLK3SXZ2LBG2
testing1534133239.5364852@example.com,testingLZS3SO6FRV2JDNSTN
testing1534133250.3023438@example.com,testingJMVHMMZNFL9L3Y5C4
testing1534133259.477254@example.com,testingPGPWPPE4EPTBNPCHG
testing1534133269.272971@example.com,testing9GXIIP737M0CTKCDT
testing1534133276.4059541@example.com,testingU4YBQ39WUO0EEGKNW
testing1534133285.649157@example.com,testingVIC8EQZ53A92FWFCQ
testing1534133295.190104@example.com,testing0TTWY0X0RD4LN022C
testing1534133304.662723@example.com,testingOVWDOGBQZ8U8IHEDE
testing1534133315.13061@example.com,testingJ5NQB5KTSVOCQCT96
testing1534133325.158294@example.com,testingIHQSPCVSCZ8Y1XUHR
testing1534133337.6363049@example.com,testingWB2B9KXPZEF779LU8
testing1534133347.311509@example.com,testingVML1NSSYRP33FZLUP
testing1534133359.370684@example.com,testing8MEC0L6BR3KJ47U6O
testing1534133370.331434@example.com,testingY9WV5E5R63OD3LAV4
testing1534133379.8027341@example.com,testingLGS18ZQD56T3VJ16C
testing1534133390.797487@example.com,testingDNE874AZQ6NY9ZTCU
testing1534133400.099199@example.com,testing8EEHNZ0SN6RTNWRJ1
testing1534133410.4188778@example.com,testing5ZN94ZNVO3WQF75P4
testing1534133419.053526@example.com,testingSML8UECL43VB3EG23
testing1534133431.72076@example.com,testingLW3Y9K1TYZKZ3MNV5
testing1534133440.805921@example.com,testingU9C4L0XQOMJNAEXD0
testing1534133450.979419@example.com,testingD3LLNXE366O1ERPDU
testing1534133457.4880981@example.com,testingXMTYS2XTVFJLENE8X
testing1534133466.899023@example.com,testing2H4LQ8LR52XM22ICE
testing1534133478.446932@example.com,testing8JLUGGDTMV8DH8D74
testing1534133488.6556869@example.com,testingWR85AFBT15D8IQFYP
